-- phpMyAdmin SQL Dump
-- version 5.2.1
-- https://www.phpmyadmin.net/
--
-- Host: 127.0.0.1
-- Generation Time: Dec 28, 2024 at 08:41 AM
-- Server version: 10.4.28-MariaDB
-- PHP Version: 8.2.4

SET SQL_MODE = "NO_AUTO_VALUE_ON_ZERO";
START TRANSACTION;
SET time_zone = "+00:00";


/*!40101 SET @OLD_CHARACTER_SET_CLIENT=@@CHARACTER_SET_CLIENT */;
/*!40101 SET @OLD_CHARACTER_SET_RESULTS=@@CHARACTER_SET_RESULTS */;
/*!40101 SET @OLD_COLLATION_CONNECTION=@@COLLATION_CONNECTION */;
/*!40101 SET NAMES utf8mb4 */;

--
-- Database: `poliklinik`
--

-- --------------------------------------------------------

--
-- Table structure for table `daftar_polis`
--

CREATE TABLE `daftar_polis` (
  `id` bigint(20) UNSIGNED NOT NULL,
  `id_pasien` bigint(20) UNSIGNED NOT NULL,
  `id_jadwal` bigint(20) UNSIGNED NOT NULL,
  `keluhan` text NOT NULL,
  `no_antrian` int(10) UNSIGNED NOT NULL,
  `created_at` timestamp NULL DEFAULT NULL,
  `updated_at` timestamp NULL DEFAULT NULL
) ENGINE=InnoDB DEFAULT CHARSET=utf8mb4 COLLATE=utf8mb4_unicode_ci;

--
-- Dumping data for table `daftar_polis`
--

INSERT INTO `daftar_polis` (`id`, `id_pasien`, `id_jadwal`, `keluhan`, `no_antrian`, `created_at`, `updated_at`) VALUES
(6, 3, 2, 'Batuk, Pilek', 1, '2024-12-11 06:37:30', '2024-12-11 06:37:30'),
(7, 1, 2, 'Pusing, Mual', 2, '2024-12-11 06:38:28', '2024-12-11 06:38:28'),
(8, 4, 5, 'Gigi Bolong', 3, '2024-12-15 23:39:14', '2024-12-15 23:39:14'),
(9, 2, 9, 'Pusing', 4, '2024-12-22 22:24:26', '2024-12-22 22:24:26'),
(10, 13, 8, 'Pusing', 5, '2024-12-22 23:57:05', '2024-12-22 23:57:05');

-- --------------------------------------------------------

--
-- Table structure for table `detail_periksas`
--

CREATE TABLE `detail_periksas` (
  `id` bigint(20) UNSIGNED NOT NULL,
  `id_periksa` bigint(20) UNSIGNED NOT NULL,
  `id_obat` bigint(20) UNSIGNED NOT NULL,
  `created_at` timestamp NULL DEFAULT NULL,
  `updated_at` timestamp NULL DEFAULT NULL
) ENGINE=InnoDB DEFAULT CHARSET=utf8mb4 COLLATE=utf8mb4_unicode_ci;

--
-- Dumping data for table `detail_periksas`
--

INSERT INTO `detail_periksas` (`id`, `id_periksa`, `id_obat`, `created_at`, `updated_at`) VALUES
(8, 2, 2, '2024-12-15 23:41:03', '2024-12-15 23:41:03'),
(13, 3, 1, '2024-12-27 20:47:46', '2024-12-27 20:47:46'),
(14, 3, 2, '2024-12-27 20:47:46', '2024-12-27 20:47:46'),
(16, 1, 2, '2024-12-27 20:58:39', '2024-12-27 20:58:39'),
(17, 1, 1, '2024-12-27 20:58:39', '2024-12-27 20:58:39'),
(20, 4, 1, '2024-12-28 00:30:41', '2024-12-28 00:30:41');

-- --------------------------------------------------------

--
-- Table structure for table `dokters`
--

CREATE TABLE `dokters` (
  `id` bigint(20) UNSIGNED NOT NULL,
  `nama` varchar(255) NOT NULL,
  `alamat` varchar(255) NOT NULL,
  `no_hp` varchar(50) NOT NULL,
  `id_poli` bigint(20) UNSIGNED NOT NULL,
  `created_at` timestamp NULL DEFAULT NULL,
  `updated_at` timestamp NULL DEFAULT NULL
) ENGINE=InnoDB DEFAULT CHARSET=utf8mb4 COLLATE=utf8mb4_unicode_ci;

--
-- Dumping data for table `dokters`
--

INSERT INTO `dokters` (`id`, `nama`, `alamat`, `no_hp`, `id_poli`, `created_at`, `updated_at`) VALUES
(1, 'Andre', 'Semarang', '089506373555', 1, '2024-12-08 01:14:01', '2024-12-23 00:00:42'),
(2, 'Adi', 'Semarang', '089102356478', 2, '2024-12-08 23:38:46', '2024-12-08 23:39:07');

-- --------------------------------------------------------

--
-- Table structure for table `failed_jobs`
--

CREATE TABLE `failed_jobs` (
  `id` bigint(20) UNSIGNED NOT NULL,
  `uuid` varchar(255) NOT NULL,
  `connection` text NOT NULL,
  `queue` text NOT NULL,
  `payload` longtext NOT NULL,
  `exception` longtext NOT NULL,
  `failed_at` timestamp NOT NULL DEFAULT current_timestamp()
) ENGINE=InnoDB DEFAULT CHARSET=utf8mb4 COLLATE=utf8mb4_unicode_ci;

-- --------------------------------------------------------

--
-- Table structure for table `jadwal_periksas`
--

CREATE TABLE `jadwal_periksas` (
  `id` bigint(20) UNSIGNED NOT NULL,
  `id_dokter` bigint(20) UNSIGNED NOT NULL,
  `hari` enum('Senin','Selasa','Rabu','Kamis','Jumat','Sabtu','Minggu') NOT NULL,
  `jam_mulai` time NOT NULL,
  `jam_selesai` time NOT NULL,
  `created_at` timestamp NULL DEFAULT NULL,
  `updated_at` timestamp NULL DEFAULT NULL,
  `status` tinyint(1) NOT NULL DEFAULT 0
) ENGINE=InnoDB DEFAULT CHARSET=utf8mb4 COLLATE=utf8mb4_unicode_ci;

--
-- Dumping data for table `jadwal_periksas`
--

INSERT INTO `jadwal_periksas` (`id`, `id_dokter`, `hari`, `jam_mulai`, `jam_selesai`, `created_at`, `updated_at`, `status`) VALUES
(2, 1, 'Senin', '09:30:00', '11:30:00', '2024-12-08 03:03:45', '2024-12-22 23:58:22', 0),
(4, 2, 'Senin', '10:15:00', '12:00:00', '2024-12-10 23:41:50', '2024-12-10 23:45:39', 0),
(5, 2, 'Rabu', '15:30:00', '17:30:00', '2024-12-10 23:42:47', '2024-12-10 23:45:39', 1),
(7, 2, 'Selasa', '18:30:00', '20:30:00', '2024-12-10 23:44:55', '2024-12-10 23:45:39', 0),
(8, 1, 'Rabu', '19:00:00', '21:00:00', '2024-12-10 23:46:47', '2024-12-22 23:58:22', 0),
(9, 1, 'Sabtu', '13:00:00', '15:00:00', '2024-12-22 09:02:44', '2024-12-22 23:58:22', 0),
(10, 1, 'Senin', '19:00:00', '21:00:00', '2024-12-22 23:58:13', '2024-12-22 23:58:22', 1);

-- --------------------------------------------------------

--
-- Table structure for table `migrations`
--

CREATE TABLE `migrations` (
  `id` int(10) UNSIGNED NOT NULL,
  `migration` varchar(255) NOT NULL,
  `batch` int(11) NOT NULL
) ENGINE=InnoDB DEFAULT CHARSET=utf8mb4 COLLATE=utf8mb4_unicode_ci;

--
-- Dumping data for table `migrations`
--

INSERT INTO `migrations` (`id`, `migration`, `batch`) VALUES
(1, '2014_10_12_000000_create_users_table', 1),
(2, '2014_10_12_100000_create_password_reset_tokens_table', 1),
(3, '2019_08_19_000000_create_failed_jobs_table', 1),
(4, '2019_12_14_000001_create_personal_access_tokens_table', 1),
(5, '2024_12_05_072953_create_polis_table', 1),
(6, '2024_12_05_125726_create_dokters_table', 1),
(7, '2024_12_05_134931_create_pasiens_table', 1),
(8, '2024_12_05_143022_create_obats_table', 1),
(9, '2024_12_05_150150_add_field_to_users_table', 1),
(10, '2024_12_08_053223_create_daftar_polis_table', 1),
(11, '2024_12_08_053907_create_jadwal_periksas_table', 1),
(12, '2024_12_08_054118_add_foreign_key_to_daftar_polis_table', 1),
(13, '2024_12_08_093455_add_field_to_jadwal_periksas', 2),
(14, '2024_12_08_104936_create_periksas_table', 3),
(15, '2024_12_08_105147_create_detail_periksas_table', 3);

-- --------------------------------------------------------

--
-- Table structure for table `obats`
--

CREATE TABLE `obats` (
  `id` bigint(20) UNSIGNED NOT NULL,
  `nama_obat` varchar(50) NOT NULL,
  `kemasan` varchar(35) NOT NULL,
  `harga` int(11) NOT NULL,
  `created_at` timestamp NULL DEFAULT NULL,
  `updated_at` timestamp NULL DEFAULT NULL
) ENGINE=InnoDB DEFAULT CHARSET=utf8mb4 COLLATE=utf8mb4_unicode_ci;

--
-- Dumping data for table `obats`
--

INSERT INTO `obats` (`id`, `nama_obat`, `kemasan`, `harga`, `created_at`, `updated_at`) VALUES
(1, 'Albendasol suspensi 200 mg/5 ml', 'Ktk 10 btl @ 10 ml', 6000, '2024-12-08 05:29:32', '2024-12-08 05:29:32'),
(2, 'Albendazol tablet/ tablet kunyah 400 mg', 'ktk 5 x 6 tablet', 16000, '2024-12-08 05:30:01', '2024-12-08 05:30:01');

-- --------------------------------------------------------

--
-- Table structure for table `pasiens`
--

CREATE TABLE `pasiens` (
  `id` bigint(20) UNSIGNED NOT NULL,
  `nama` varchar(255) NOT NULL,
  `alamat` varchar(255) NOT NULL,
  `no_ktp` varchar(255) NOT NULL,
  `no_hp` varchar(50) NOT NULL,
  `no_rm` varchar(25) NOT NULL,
  `created_at` timestamp NULL DEFAULT NULL,
  `updated_at` timestamp NULL DEFAULT NULL
) ENGINE=InnoDB DEFAULT CHARSET=utf8mb4 COLLATE=utf8mb4_unicode_ci;

--
-- Dumping data for table `pasiens`
--

INSERT INTO `pasiens` (`id`, `nama`, `alamat`, `no_ktp`, `no_hp`, `no_rm`, `created_at`, `updated_at`) VALUES
(1, 'Anwar', 'Semarang', '3332789213650145', '081234567891', '202412-0001', '2024-12-08 03:15:40', '2024-12-08 03:15:40'),
(2, 'Ayu', 'Kendal', '3210953862106451', '081297251891', '202412-0002', '2024-12-08 05:31:44', '2024-12-08 05:31:44'),
(3, 'Paijo', 'Semarang', '3264091487153027', '081234567891', '202412-0003', '2024-12-08 06:13:31', '2024-12-08 06:13:31'),
(4, 'Siti', 'Semarang', '3241075239175273', '081234567891', '202412-0004', '2024-12-08 06:18:52', '2024-12-08 06:18:52'),
(13, 'Sarah', 'Demak', '3241075239175272', '089141872534', '202412-0005', '2024-12-21 23:43:17', '2024-12-21 23:43:17');

-- --------------------------------------------------------

--
-- Table structure for table `password_reset_tokens`
--

CREATE TABLE `password_reset_tokens` (
  `email` varchar(255) NOT NULL,
  `token` varchar(255) NOT NULL,
  `created_at` timestamp NULL DEFAULT NULL
) ENGINE=InnoDB DEFAULT CHARSET=utf8mb4 COLLATE=utf8mb4_unicode_ci;

-- --------------------------------------------------------

--
-- Table structure for table `periksas`
--

CREATE TABLE `periksas` (
  `id` bigint(20) UNSIGNED NOT NULL,
  `id_daftar_poli` bigint(20) UNSIGNED NOT NULL,
  `tgl_periksa` datetime NOT NULL,
  `catatan` text DEFAULT NULL,
  `biaya_periksa` int(11) NOT NULL,
  `created_at` timestamp NULL DEFAULT NULL,
  `updated_at` timestamp NULL DEFAULT NULL
) ENGINE=InnoDB DEFAULT CHARSET=utf8mb4 COLLATE=utf8mb4_unicode_ci;

--
-- Dumping data for table `periksas`
--

INSERT INTO `periksas` (`id`, `id_daftar_poli`, `tgl_periksa`, `catatan`, `biaya_periksa`, `created_at`, `updated_at`) VALUES
(1, 6, '2024-12-20 00:00:00', 'istirahat', 172000, '2024-12-13 21:38:23', '2024-12-27 20:58:39'),
(2, 8, '2024-12-18 00:00:00', 'istirahat', 166000, '2024-12-15 23:41:03', '2024-12-15 23:41:03'),
(3, 7, '2024-12-18 00:00:00', 'istirahathjd', 172000, '2024-12-22 22:27:21', '2024-12-27 20:47:46'),
(4, 10, '2024-12-23 00:00:00', 'istirahat', 156000, '2024-12-22 23:59:14', '2024-12-28 00:30:41');

-- --------------------------------------------------------

--
-- Table structure for table `personal_access_tokens`
--

CREATE TABLE `personal_access_tokens` (
  `id` bigint(20) UNSIGNED NOT NULL,
  `tokenable_type` varchar(255) NOT NULL,
  `tokenable_id` bigint(20) UNSIGNED NOT NULL,
  `name` varchar(255) NOT NULL,
  `token` varchar(64) NOT NULL,
  `abilities` text DEFAULT NULL,
  `last_used_at` timestamp NULL DEFAULT NULL,
  `expires_at` timestamp NULL DEFAULT NULL,
  `created_at` timestamp NULL DEFAULT NULL,
  `updated_at` timestamp NULL DEFAULT NULL
) ENGINE=InnoDB DEFAULT CHARSET=utf8mb4 COLLATE=utf8mb4_unicode_ci;

-- --------------------------------------------------------

--
-- Table structure for table `polis`
--

CREATE TABLE `polis` (
  `id` bigint(20) UNSIGNED NOT NULL,
  `nama_poli` varchar(255) NOT NULL,
  `keterangan` text NOT NULL,
  `created_at` timestamp NULL DEFAULT NULL,
  `updated_at` timestamp NULL DEFAULT NULL
) ENGINE=InnoDB DEFAULT CHARSET=utf8mb4 COLLATE=utf8mb4_unicode_ci;

--
-- Dumping data for table `polis`
--

INSERT INTO `polis` (`id`, `nama_poli`, `keterangan`, `created_at`, `updated_at`) VALUES
(1, 'Poli Umum', 'Dokter Umum', '2024-12-08 01:13:23', '2024-12-08 05:25:14'),
(2, 'Poli Gigi', 'Dokter Gigi', '2024-12-08 05:25:29', '2024-12-08 05:25:29');

-- --------------------------------------------------------

--
-- Table structure for table `users`
--

CREATE TABLE `users` (
  `id` bigint(20) UNSIGNED NOT NULL,
  `name` varchar(255) NOT NULL,
  `email` varchar(255) NOT NULL,
  `email_verified_at` timestamp NULL DEFAULT NULL,
  `password` varchar(255) NOT NULL,
  `remember_token` varchar(100) DEFAULT NULL,
  `created_at` timestamp NULL DEFAULT NULL,
  `updated_at` timestamp NULL DEFAULT NULL,
  `role` enum('admin','dokter','pasien') NOT NULL DEFAULT 'pasien',
  `id_dokter` bigint(20) UNSIGNED DEFAULT NULL,
  `id_pasien` bigint(20) UNSIGNED DEFAULT NULL
) ENGINE=InnoDB DEFAULT CHARSET=utf8mb4 COLLATE=utf8mb4_unicode_ci;

--
-- Dumping data for table `users`
--

INSERT INTO `users` (`id`, `name`, `email`, `email_verified_at`, `password`, `remember_token`, `created_at`, `updated_at`, `role`, `id_dokter`, `id_pasien`) VALUES
(1, 'admin', 'admin', NULL, '$2y$12$r/XPSuYfleqd9eN6nKTY/urEYTUU54pGkgtgZFkkmpVDJU5gdmVHC', NULL, NULL, NULL, 'admin', NULL, NULL),
(2, 'Andre', 'Andre', NULL, '$2y$12$fnGKhuk5vg2NWl.prqB/fe3ZmHa3eArNm44PMgGpmnQ2ldZJ84jVW', NULL, '2024-12-08 01:14:02', '2024-12-23 00:00:42', 'dokter', 1, NULL),
(3, 'Anwar', 'Anwar', NULL, '$2y$12$hucujjNdeEuYD7dVsz8cZuG5xudOdnLPKiZcwjQvaBkLmN2VmVSN2', NULL, '2024-12-08 03:15:41', '2024-12-08 03:15:41', 'pasien', NULL, 1),
(4, 'Ayu', 'Ayu', NULL, '$2y$12$9ZLZfdwVUHrGfjM0eO1Cu.VLxvKs49xce8t1oAUAzx9uqTXE5SJjO', NULL, '2024-12-08 05:31:45', '2024-12-08 05:31:45', 'pasien', NULL, 2),
(5, 'Paijo', 'Paijo', NULL, '$2y$12$IRyFuCimPMdbjCcHxF6OyewhqhdXfllbU1eOCbQDguc2hWELXlxzq', NULL, '2024-12-08 06:13:32', '2024-12-08 06:13:32', 'pasien', NULL, 3),
(6, 'Siti', 'Siti', NULL, '$2y$12$dnAMB0r6sNtyH46Qw9AlRe4CD5QvFlyj7XycBjiJo1ckdH9mwayuK', NULL, '2024-12-08 06:18:53', '2024-12-08 06:18:53', 'pasien', NULL, 4),
(7, 'Adi', 'Adi', NULL, '$2y$12$9hY0TSBHe.EPEu8i3PIh3OWyaFyaojxGYY9/KzIlRu2acyBVGykna', NULL, '2024-12-08 23:38:46', '2024-12-08 23:39:08', 'dokter', 2, NULL),
(19, 'Sarah', 'Sarah', NULL, '$2y$12$1/Uz0/4525zt0Pn3cEq6ne8XzXuSAhFhHgz6O7EpRkFg0nUNR2Gf6', NULL, '2024-12-21 23:43:18', '2024-12-21 23:43:18', 'pasien', NULL, 13);

--
-- Indexes for dumped tables
--

--
-- Indexes for table `daftar_polis`
--
ALTER TABLE `daftar_polis`
  ADD PRIMARY KEY (`id`),
  ADD KEY `daftar_polis_id_pasien_foreign` (`id_pasien`),
  ADD KEY `daftar_polis_id_jadwal_foreign` (`id_jadwal`);

--
-- Indexes for table `detail_periksas`
--
ALTER TABLE `detail_periksas`
  ADD PRIMARY KEY (`id`),
  ADD KEY `detail_periksas_id_periksa_foreign` (`id_periksa`),
  ADD KEY `detail_periksas_id_obat_foreign` (`id_obat`);

--
-- Indexes for table `dokters`
--
ALTER TABLE `dokters`
  ADD PRIMARY KEY (`id`),
  ADD KEY `dokters_id_poli_foreign` (`id_poli`);

--
-- Indexes for table `failed_jobs`
--
ALTER TABLE `failed_jobs`
  ADD PRIMARY KEY (`id`),
  ADD UNIQUE KEY `failed_jobs_uuid_unique` (`uuid`);

--
-- Indexes for table `jadwal_periksas`
--
ALTER TABLE `jadwal_periksas`
  ADD PRIMARY KEY (`id`),
  ADD KEY `jadwal_periksas_id_dokter_foreign` (`id_dokter`);

--
-- Indexes for table `migrations`
--
ALTER TABLE `migrations`
  ADD PRIMARY KEY (`id`);

--
-- Indexes for table `obats`
--
ALTER TABLE `obats`
  ADD PRIMARY KEY (`id`);

--
-- Indexes for table `pasiens`
--
ALTER TABLE `pasiens`
  ADD PRIMARY KEY (`id`);

--
-- Indexes for table `password_reset_tokens`
--
ALTER TABLE `password_reset_tokens`
  ADD PRIMARY KEY (`email`);

--
-- Indexes for table `periksas`
--
ALTER TABLE `periksas`
  ADD PRIMARY KEY (`id`),
  ADD KEY `periksas_id_daftar_poli_foreign` (`id_daftar_poli`);

--
-- Indexes for table `personal_access_tokens`
--
ALTER TABLE `personal_access_tokens`
  ADD PRIMARY KEY (`id`),
  ADD UNIQUE KEY `personal_access_tokens_token_unique` (`token`),
  ADD KEY `personal_access_tokens_tokenable_type_tokenable_id_index` (`tokenable_type`,`tokenable_id`);

--
-- Indexes for table `polis`
--
ALTER TABLE `polis`
  ADD PRIMARY KEY (`id`);

--
-- Indexes for table `users`
--
ALTER TABLE `users`
  ADD PRIMARY KEY (`id`),
  ADD UNIQUE KEY `users_email_unique` (`email`),
  ADD KEY `users_id_dokter_foreign` (`id_dokter`),
  ADD KEY `users_id_pasien_foreign` (`id_pasien`);

--
-- AUTO_INCREMENT for dumped tables
--

--
-- AUTO_INCREMENT for table `daftar_polis`
--
ALTER TABLE `daftar_polis`
  MODIFY `id` bigint(20) UNSIGNED NOT NULL AUTO_INCREMENT, AUTO_INCREMENT=11;

--
-- AUTO_INCREMENT for table `detail_periksas`
--
ALTER TABLE `detail_periksas`
  MODIFY `id` bigint(20) UNSIGNED NOT NULL AUTO_INCREMENT, AUTO_INCREMENT=21;

--
-- AUTO_INCREMENT for table `dokters`
--
ALTER TABLE `dokters`
  MODIFY `id` bigint(20) UNSIGNED NOT NULL AUTO_INCREMENT, AUTO_INCREMENT=7;

--
-- AUTO_INCREMENT for table `failed_jobs`
--
ALTER TABLE `failed_jobs`
  MODIFY `id` bigint(20) UNSIGNED NOT NULL AUTO_INCREMENT;

--
-- AUTO_INCREMENT for table `jadwal_periksas`
--
ALTER TABLE `jadwal_periksas`
  MODIFY `id` bigint(20) UNSIGNED NOT NULL AUTO_INCREMENT, AUTO_INCREMENT=11;

--
-- AUTO_INCREMENT for table `migrations`
--
ALTER TABLE `migrations`
  MODIFY `id` int(10) UNSIGNED NOT NULL AUTO_INCREMENT, AUTO_INCREMENT=16;

--
-- AUTO_INCREMENT for table `obats`
--
ALTER TABLE `obats`
  MODIFY `id` bigint(20) UNSIGNED NOT NULL AUTO_INCREMENT, AUTO_INCREMENT=4;

--
-- AUTO_INCREMENT for table `pasiens`
--
ALTER TABLE `pasiens`
  MODIFY `id` bigint(20) UNSIGNED NOT NULL AUTO_INCREMENT, AUTO_INCREMENT=18;

--
-- AUTO_INCREMENT for table `periksas`
--
ALTER TABLE `periksas`
  MODIFY `id` bigint(20) UNSIGNED NOT NULL AUTO_INCREMENT, AUTO_INCREMENT=5;

--
-- AUTO_INCREMENT for table `personal_access_tokens`
--
ALTER TABLE `personal_access_tokens`
  MODIFY `id` bigint(20) UNSIGNED NOT NULL AUTO_INCREMENT;

--
-- AUTO_INCREMENT for table `polis`
--
ALTER TABLE `polis`
  MODIFY `id` bigint(20) UNSIGNED NOT NULL AUTO_INCREMENT, AUTO_INCREMENT=4;

--
-- AUTO_INCREMENT for table `users`
--
ALTER TABLE `users`
  MODIFY `id` bigint(20) UNSIGNED NOT NULL AUTO_INCREMENT, AUTO_INCREMENT=25;

--
-- Constraints for dumped tables
--

--
-- Constraints for table `daftar_polis`
--
ALTER TABLE `daftar_polis`
  ADD CONSTRAINT `daftar_polis_id_jadwal_foreign` FOREIGN KEY (`id_jadwal`) REFERENCES `jadwal_periksas` (`id`) ON DELETE CASCADE,
  ADD CONSTRAINT `daftar_polis_id_pasien_foreign` FOREIGN KEY (`id_pasien`) REFERENCES `pasiens` (`id`) ON DELETE CASCADE;

--
-- Constraints for table `detail_periksas`
--
ALTER TABLE `detail_periksas`
  ADD CONSTRAINT `detail_periksas_id_obat_foreign` FOREIGN KEY (`id_obat`) REFERENCES `obats` (`id`) ON DELETE CASCADE,
  ADD CONSTRAINT `detail_periksas_id_periksa_foreign` FOREIGN KEY (`id_periksa`) REFERENCES `periksas` (`id`) ON DELETE CASCADE;

--
-- Constraints for table `dokters`
--
ALTER TABLE `dokters`
  ADD CONSTRAINT `dokters_id_poli_foreign` FOREIGN KEY (`id_poli`) REFERENCES `polis` (`id`) ON DELETE CASCADE;

--
-- Constraints for table `jadwal_periksas`
--
ALTER TABLE `jadwal_periksas`
  ADD CONSTRAINT `jadwal_periksas_id_dokter_foreign` FOREIGN KEY (`id_dokter`) REFERENCES `dokters` (`id`) ON DELETE CASCADE;

--
-- Constraints for table `periksas`
--
ALTER TABLE `periksas`
  ADD CONSTRAINT `periksas_id_daftar_poli_foreign` FOREIGN KEY (`id_daftar_poli`) REFERENCES `daftar_polis` (`id`) ON DELETE CASCADE;

--
-- Constraints for table `users`
--
ALTER TABLE `users`
  ADD CONSTRAINT `users_id_dokter_foreign` FOREIGN KEY (`id_dokter`) REFERENCES `dokters` (`id`) ON DELETE SET NULL,
  ADD CONSTRAINT `users_id_pasien_foreign` FOREIGN KEY (`id_pasien`) REFERENCES `pasiens` (`id`) ON DELETE SET NULL;
COMMIT;

/*!40101 SET CHARACTER_SET_CLIENT=@OLD_CHARACTER_SET_CLIENT */;
/*!40101 SET CHARACTER_SET_RESULTS=@OLD_CHARACTER_SET_RESULTS */;
/*!40101 SET COLLATION_CONNECTION=@OLD_COLLATION_CONNECTION */;
